{"stats":{"minecraft:crafted":{"minecraft:crafting_table":1,"minecraft:stick":12,"minecraft:wooden_pickaxe":1,"minecraft:stone_pickaxe":1,"minecraft:wooden_axe":1,"minecraft:stone_sword":1,"minecraft:bowl":4,"minecraft:white_bed":1,"minecraft:birch_planks":28,"minecraft:stone_axe":1},"minecraft:killed":{"minecraft:sheep":3,"minecraft:zombie":1,"iceandfire:ghost":1,"minecraft:zombie_villager":1,"minecraft:salmon":10,"minecraft:spider":1,"minecraft:cow":15},"minecraft:killed_by":{"minecraft:zombie":1},"minecraft:used":{"minecraft:wooden_axe":4,"minecraft:stone_sword":74,"minecraft:wooden_pickaxe":12,"minecraft:stone_axe":28,"minecraft:salmon":8,"minecraft:beef":18,"minecraft:sweet_berries":25,"minecraft:crafting_table":4,"minecraft:white_bed":2},"minecraft:custom":{"minecraft:time_since_rest":1866,"minecraft:sprint_one_cm":195735,"minecraft:damage_taken":615,"minecraft:walk_one_cm":91609,"minecraft:trigger_trapped_chest":1,"minecraft:mob_kills":32,"minecraft:damage_dealt":2888,"minecraft:swim_one_cm":37641,"minecraft:interact_with_crafting_table":7,"minecraft:fly_one_cm":261439,"minecraft:open_chest":2,"minecraft:crouch_one_cm":1673,"minecraft:play_time":49908,"minecraft:deaths":1,"minecraft:sneak_time":656,"minecraft:walk_under_water_one_cm":11471,"minecraft:jump":1276,"minecraft:leave_game":10,"minecraft:time_since_death":1416,"minecraft:walk_on_water_one_cm":15708,"minecraft:sleep_in_bed":2,"minecraft:total_world_time":49908,"minecraft:fall_one_cm":24654},"minecraft:mined":{"minecraft:white_bed":2,"minecraft:birch_log":7,"minecraft:sweet_berry_bush":16,"minecraft:spruce_log":12,"minecraft:dandelion":1,"minecraft:crafting_table":4,"minecraft:grass":1,"minecraft:vine":1,"minecraft:rose_bush":2,"minecraft:tall_grass":1,"minecraft:spruce_leaves":6,"minecraft:stone":12,"minecraft:oak_leaves":4,"minecraft:fern":3},"minecraft:picked_up":{"minecraft:birch_log":7,"minecraft:crafting_table":4,"minecraft:sweet_berries":40,"minecraft:salmon":8,"minecraft:leather":13,"minecraft:brown_mushroom":1,"minecraft:dandelion":1,"minecraft:spruce_sapling":4,"minecraft:spruce_log":12,"minecraft:white_bed":2,"minecraft:string":2,"minecraft:bone":1,"minecraft:rotten_flesh":4,"minecraft:wheat_seeds":1,"minecraft:beef":27,"minecraft:rose_bush":2,"minecraft:mutton":5,"minecraft:white_wool":3,"minecraft:cobblestone":12}},"DataVersion":3465}